<?xml version="1.0"?>
<!--<!DOCTYPE metadata SYSTEM "http://www.esri.com/metadata/esriprof80.dtd">-->
<metadata xml:lang="en"><Esri><CreaDate>20090328</CreaDate><CreaTime>11191300</CreaTime><SyncOnce>FALSE</SyncOnce><SyncDate>20080722</SyncDate><SyncTime>17140100</SyncTime><ModDate>20080722</ModDate><ModTime>17140100</ModTime><DataProperties><lineage><Process Name="FeatureClassToFeatureClass_5" ToolSource="C:\Archivos de programa\ArcGIS\ArcToolbox\Toolboxes\Conversion Tools.tbx\FeatureClassToFeatureClass" Date="20080505" Time="114730">FeatureClassToFeatureClass "C:\Atlases\Mapa Base\Map Layers\capitalesdemunicipio.shp" D:\CI\SIG\SIG_ESTRUCTURA\NACIONAL\Socio_Econ\Poblados.gdb\Capitales capitales_municipio_ruben # "ID ID true false false 8 Long 0 8 ,First,#,C:\Atlases\Mapa Base\Map Layers\capitalesdemunicipio.shp,ID,-1,-1;CODSECCION CODSECCION true false false 254 Text 0 0 ,First,#,C:\Atlases\Mapa Base\Map Layers\capitalesdemunicipio.shp,CODSECCION,-1,-1;NUEVOS_MUN NUEVOS_MUN true false false 5 Long 0 5 ,First,#,C:\Atlases\Mapa Base\Map Layers\capitalesdemunicipio.shp,NUEVOS_MUN,-1,-1;CODIGO CODIGO true false false 16 Text 0 0 ,First,#,C:\Atlases\Mapa Base\Map Layers\capitalesdemunicipio.shp,CODIGO,-1,-1;COD_DEP COD_DEP true false false 10 Text 0 0 ,First,#,C:\Atlases\Mapa Base\Map Layers\capitalesdemunicipio.shp,COD_DEP,-1,-1;NOM_DEP NOM_DEP true false false 15 Text 0 0 ,First,#,C:\Atlases\Mapa Base\Map Layers\capitalesdemunicipio.shp,NOM_DEP,-1,-1;COD_PROV COD_PROV true false false 11 Text 0 0 ,First,#,C:\Atlases\Mapa Base\Map Layers\capitalesdemunicipio.shp,COD_PROV,-1,-1;NOM_PROV NOM_PROV true false false 20 Text 0 0 ,First,#,C:\Atlases\Mapa Base\Map Layers\capitalesdemunicipio.shp,NOM_PROV,-1,-1;COD_MUN COD_MUN true false false 11 Text 0 0 ,First,#,C:\Atlases\Mapa Base\Map Layers\capitalesdemunicipio.shp,COD_MUN,-1,-1;CAT_SEC CAT_SEC true false false 15 Text 0 0 ,First,#,C:\Atlases\Mapa Base\Map Layers\capitalesdemunicipio.shp,CAT_SEC,-1,-1;NOM_MUN NOM_MUN true false false 30 Text 0 0 ,First,#,C:\Atlases\Mapa Base\Map Layers\capitalesdemunicipio.shp,NOM_MUN,-1,-1;CANTONES CANTONES true false false 13 Text 0 0 ,First,#,C:\Atlases\Mapa Base\Map Layers\capitalesdemunicipio.shp,CANTONES,-1,-1;POBLACION POBLACION true false false 11 Text 0 0 ,First,#,C:\Atlases\Mapa Base\Map Layers\capitalesdemunicipio.shp,POBLACION,-1,-1;AREA AREA true false false 19 Double 3 18 ,First,#,C:\Atlases\Mapa Base\Map Layers\capitalesdemunicipio.shp,AREA,-1,-1;PERIMETER PERIMETER true false false 19 Double 3 18 ,First,#,C:\Atlases\Mapa Base\Map Layers\capitalesdemunicipio.shp,PERIMETER,-1,-1;HECTARES HECTARES true false false 19 Double 3 18 ,First,#,C:\Atlases\Mapa Base\Map Layers\capitalesdemunicipio.shp,HECTARES,-1,-1;ID_C ID_C true false false 5 Long 0 5 ,First,#,C:\Atlases\Mapa Base\Map Layers\capitalesdemunicipio.shp,ID_C,-1,-1" # D:\CI\SIG\SIG_ESTRUCTURA\NACIONAL\Socio_Econ\Poblados.gdb\Capitales\capitales_municipio_ruben</Process><Process ToolSource="C:\Archivos de programa\ArcGIS\ArcToolbox\Toolboxes\Data Management Tools.tbx\CopyFeatures" Date="20080714" Time="104119">CopyFeatures "C:\Documents and Settings\cchumacero\Escritorio\BOL1001_BASE\Base.gdb\Centros_poblados\Capitales_municipios" D:\CI\SIG\02_GEODATA\03_BOLIVIA\03_BOLIVIA\BOL1001_BASE\Base.gdb\Centros_poblados\Capitales_municipios # 0 0 0</Process></lineage></DataProperties><MetaID>{3108BB80-527B-403C-B62F-09434E68EEBA}</MetaID></Esri><idinfo><native Sync="TRUE">Microsoft Windows XP Version 5.1 (Build 2600) Service Pack 2; ESRI ArcCatalog 9.2.0.1324</native><descript><langdata Sync="TRUE">es</langdata><abstract>REQUIRED: A brief narrative summary of the data set.</abstract><purpose>REQUIRED: A summary of the intentions with which the data set was developed.</purpose></descript><citation><citeinfo><origin>REQUIRED: The name of an organization or individual that developed the data set.</origin><pubdate>REQUIRED: The date when the data set is published or otherwise made available for release.</pubdate><title Sync="TRUE">Capitales_municipios_CI</title><ftname Sync="TRUE">Capitales_municipios_CI</ftname><geoform Sync="TRUE">vector digital data</geoform><onlink Sync="TRUE"></onlink></citeinfo></citation><timeperd><current>REQUIRED: The basis on which the time period of content information is determined.</current><timeinfo><sngdate><caldate>REQUIRED: The year (and optionally month, or month and day) for which the data set corresponds to the ground.</caldate></sngdate></timeinfo></timeperd><status><progress>REQUIRED: The state of the data set.</progress><update>REQUIRED: The frequency with which changes and additions are made to the data set after the initial data set is completed.</update></status><spdom><bounding><westbc Sync="TRUE">-69.567313</westbc><eastbc Sync="TRUE">-57.716281</eastbc><northbc Sync="TRUE">-10.059200</northbc><southbc Sync="TRUE">-22.733069</southbc></bounding><lboundng><leftbc Sync="TRUE">-69.567313</leftbc><rightbc Sync="TRUE">-57.716281</rightbc><bottombc Sync="TRUE">-22.733069</bottombc><topbc Sync="TRUE">-10.059200</topbc></lboundng></spdom><keywords><theme><themekt>REQUIRED: Reference to a formally registered thesaurus or a similar authoritative source of theme keywords.</themekt><themekey>REQUIRED: Common-use word or phrase used to describe the subject of the data set.</themekey></theme></keywords><accconst>REQUIRED: Restrictions and legal prerequisites for accessing the data set.</accconst><useconst>REQUIRED: Restrictions and legal prerequisites for using the data set after access is granted.</useconst><natvform Sync="TRUE">File Geodatabase Feature Class</natvform></idinfo><dataIdInfo><envirDesc Sync="TRUE">Microsoft Windows XP Version 5.1 (Build 2600) Service Pack 2; ESRI ArcCatalog 9.2.0.1324</envirDesc><dataLang><languageCode Sync="TRUE" value="es"></languageCode></dataLang><idCitation><resTitle Sync="TRUE">Capitales_municipios_CI</resTitle></idCitation><dataExt><geoEle><GeoBndBox esriExtentType="native"><westBL Sync="TRUE">-69.567313</westBL><eastBL Sync="TRUE">-57.716281</eastBL><northBL Sync="TRUE">-10.0592</northBL><southBL Sync="TRUE">-22.733069</southBL><exTypeCode Sync="TRUE">1</exTypeCode></GeoBndBox></geoEle></dataExt><geoBox esriExtentType="decdegrees"><westBL Sync="TRUE">-69.567313</westBL><eastBL Sync="TRUE">-57.716281</eastBL><northBL Sync="TRUE">-10.0592</northBL><southBL Sync="TRUE">-22.733069</southBL><exTypeCode Sync="TRUE">1</exTypeCode></geoBox></dataIdInfo><metainfo><langmeta Sync="TRUE">es</langmeta><metstdn Sync="TRUE">FGDC Content Standards for Digital Geospatial Metadata</metstdn><metstdv Sync="TRUE">FGDC-STD-001-1998</metstdv><mettc Sync="TRUE">local time</mettc><metc><cntinfo><cntorgp><cntper>REQUIRED: The person responsible for the metadata information.</cntper><cntorg>REQUIRED: The organization responsible for the metadata information.</cntorg></cntorgp><cntaddr><addrtype>REQUIRED: The mailing and/or physical address for the organization or individual.</addrtype><city>REQUIRED: The city of the address.</city><state>REQUIRED: The state or province of the address.</state><postal>REQUIRED: The ZIP or other postal code of the address.</postal></cntaddr><cntvoice>REQUIRED: The telephone number by which individuals can speak to the organization or individual.</cntvoice></cntinfo></metc><metd Sync="TRUE">20080722</metd><metextns><onlink Sync="TRUE">http://www.esri.com/metadata/esriprof80.html</onlink><metprof Sync="TRUE">ESRI Metadata Profile</metprof></metextns></metainfo><mdLang><languageCode Sync="TRUE" value="es"></languageCode></mdLang><mdStanName Sync="TRUE">ISO 19115 Geographic Information - Metadata</mdStanName><mdStanVer Sync="TRUE">DIS_ESRI1.0</mdStanVer><mdChar><CharSetCd Sync="TRUE" value="004"></CharSetCd></mdChar><mdHrLv><ScopeCd Sync="TRUE" value="005"></ScopeCd></mdHrLv><mdHrLvName Sync="TRUE">dataset</mdHrLvName><distinfo><resdesc Sync="TRUE">Downloadable Data</resdesc></distinfo><distInfo><distributor><distorTran><onLineSrc><orDesc Sync="TRUE">002</orDesc><linkage Sync="TRUE">file://</linkage><protocol Sync="TRUE">Local Area Network</protocol></onLineSrc></distorTran><distorFormat><formatName Sync="TRUE">File Geodatabase Feature Class</formatName></distorFormat></distributor></distInfo><spdoinfo><direct Sync="TRUE">Vector</direct><ptvctinf><esriterm Name="Capitales_municipios_CI"><efeatyp Sync="TRUE">Simple</efeatyp><efeageom Sync="TRUE">Point</efeageom><esritopo Sync="TRUE">FALSE</esritopo><efeacnt Sync="TRUE">329</efeacnt><spindex Sync="TRUE">TRUE</spindex><linrefer Sync="TRUE">FALSE</linrefer></esriterm><sdtsterm Name="Capitales_municipios_CI"><sdtstype Sync="TRUE">Entity point</sdtstype><ptvctcnt Sync="TRUE">329</ptvctcnt></sdtsterm></ptvctinf></spdoinfo><spref><horizsys><cordsysn><geogcsn Sync="TRUE">GCS_WGS_1984</geogcsn></cordsysn><geograph><geogunit Sync="TRUE">Decimal degrees</geogunit><latres Sync="TRUE">0.000000</latres><longres Sync="TRUE">0.000000</longres></geograph><geodetic><horizdn Sync="TRUE">D_WGS_1984</horizdn><ellips Sync="TRUE">WGS_1984</ellips><semiaxis Sync="TRUE">6378137.000000</semiaxis><denflat Sync="TRUE">298.257224</denflat></geodetic></horizsys><vertdef><altsys><altenc Sync="TRUE">Explicit elevation coordinate included with horizontal coordinates</altenc><altres Sync="TRUE">0.000100</altres></altsys></vertdef></spref><refSysInfo><RefSystem><refSysID><identCode Sync="TRUE">GCS_WGS_1984</identCode></refSysID></RefSystem></refSysInfo><spatRepInfo><VectSpatRep><topLvl><TopoLevCd Sync="TRUE" value="001"></TopoLevCd></topLvl><geometObjs Name="Capitales_municipios_CI"><geoObjTyp><GeoObjTypCd Sync="TRUE" value="004"></GeoObjTypCd></geoObjTyp><geoObjCnt Sync="TRUE">329</geoObjCnt></geometObjs></VectSpatRep></spatRepInfo><eainfo><detailed Name="Capitales_municipios_CI"><enttyp><enttypl Sync="TRUE">Capitales_municipios_CI</enttypl><enttypt Sync="TRUE">Feature Class</enttypt><enttypc Sync="TRUE">329</enttypc></enttyp><attr><attrlabl Sync="TRUE">OBJECTID</attrlabl><attalias Sync="TRUE">OBJECTID</attalias><attrtype Sync="TRUE">OID</attrtype><attwidth Sync="TRUE">4</attwidth><atprecis Sync="TRUE">0</atprecis><attscale Sync="TRUE">0</attscale><attrdef Sync="TRUE">Internal feature number.</attrdef><attrdefs Sync="TRUE">ESRI</attrdefs><attrdomv><udom Sync="TRUE">Sequential unique whole numbers that are automatically generated.</udom></attrdomv></attr><attr><attrlabl Sync="TRUE">Shape</attrlabl><attalias Sync="TRUE">Shape</attalias><attrtype Sync="TRUE">Geometry</attrtype><attwidth Sync="TRUE">0</attwidth><atprecis Sync="TRUE">0</atprecis><attscale Sync="TRUE">0</attscale><attrdef Sync="TRUE">Feature geometry.</attrdef><attrdefs Sync="TRUE">ESRI</attrdefs><attrdomv><udom Sync="TRUE">Coordinates defining the features.</udom></attrdomv></attr><attr><attrlabl Sync="TRUE">ID</attrlabl><attalias Sync="TRUE">ID</attalias><attrtype Sync="TRUE">Integer</attrtype><attwidth Sync="TRUE">4</attwidth><atprecis Sync="TRUE">0</atprecis><attscale Sync="TRUE">0</attscale></attr><attr><attrlabl Sync="TRUE">CODSECCION</attrlabl><attalias Sync="TRUE">CODSECCION</attalias><attrtype Sync="TRUE">String</attrtype><attwidth Sync="TRUE">254</attwidth><atprecis Sync="TRUE">0</atprecis><attscale Sync="TRUE">0</attscale></attr><attr><attrlabl Sync="TRUE">NUEVOS_MUN</attrlabl><attalias Sync="TRUE">NUEVOS_MUN</attalias><attrtype Sync="TRUE">Integer</attrtype><attwidth Sync="TRUE">4</attwidth><atprecis Sync="TRUE">0</atprecis><attscale Sync="TRUE">0</attscale></attr><attr><attrlabl Sync="TRUE">CODIGO</attrlabl><attalias Sync="TRUE">CODIGO</attalias><attrtype Sync="TRUE">String</attrtype><attwidth Sync="TRUE">16</attwidth><atprecis Sync="TRUE">0</atprecis><attscale Sync="TRUE">0</attscale></attr><attr><attrlabl Sync="TRUE">COD_DEP</attrlabl><attalias Sync="TRUE">COD_DEP</attalias><attrtype Sync="TRUE">String</attrtype><attwidth Sync="TRUE">10</attwidth><atprecis Sync="TRUE">0</atprecis><attscale Sync="TRUE">0</attscale></attr><attr><attrlabl Sync="TRUE">NOM_DEP</attrlabl><attalias Sync="TRUE">NOM_DEP</attalias><attrtype Sync="TRUE">String</attrtype><attwidth Sync="TRUE">15</attwidth><atprecis Sync="TRUE">0</atprecis><attscale Sync="TRUE">0</attscale></attr><attr><attrlabl Sync="TRUE">COD_PROV</attrlabl><attalias Sync="TRUE">COD_PROV</attalias><attrtype Sync="TRUE">String</attrtype><attwidth Sync="TRUE">11</attwidth><atprecis Sync="TRUE">0</atprecis><attscale Sync="TRUE">0</attscale></attr><attr><attrlabl Sync="TRUE">NOM_PROV</attrlabl><attalias Sync="TRUE">NOM_PROV</attalias><attrtype Sync="TRUE">String</attrtype><attwidth Sync="TRUE">20</attwidth><atprecis Sync="TRUE">0</atprecis><attscale Sync="TRUE">0</attscale></attr><attr><attrlabl Sync="TRUE">COD_MUN</attrlabl><attalias Sync="TRUE">COD_MUN</attalias><attrtype Sync="TRUE">String</attrtype><attwidth Sync="TRUE">11</attwidth><atprecis Sync="TRUE">0</atprecis><attscale Sync="TRUE">0</attscale></attr><attr><attrlabl Sync="TRUE">CAT_SEC</attrlabl><attalias Sync="TRUE">CAT_SEC</attalias><attrtype Sync="TRUE">String</attrtype><attwidth Sync="TRUE">15</attwidth><atprecis Sync="TRUE">0</atprecis><attscale Sync="TRUE">0</attscale></attr><attr><attrlabl Sync="TRUE">NOM_MUN</attrlabl><attalias Sync="TRUE">NOM_MUN</attalias><attrtype Sync="TRUE">String</attrtype><attwidth Sync="TRUE">30</attwidth><atprecis Sync="TRUE">0</atprecis><attscale Sync="TRUE">0</attscale></attr><attr><attrlabl Sync="TRUE">CANTONES</attrlabl><attalias Sync="TRUE">CANTONES</attalias><attrtype Sync="TRUE">String</attrtype><attwidth Sync="TRUE">13</attwidth><atprecis Sync="TRUE">0</atprecis><attscale Sync="TRUE">0</attscale></attr><attr><attrlabl Sync="TRUE">POBLACION</attrlabl><attalias Sync="TRUE">POBLACION</attalias><attrtype Sync="TRUE">String</attrtype><attwidth Sync="TRUE">11</attwidth><atprecis Sync="TRUE">0</atprecis><attscale Sync="TRUE">0</attscale></attr><attr><attrlabl Sync="TRUE">AREA</attrlabl><attalias Sync="TRUE">AREA</attalias><attrtype Sync="TRUE">Double</attrtype><attwidth Sync="TRUE">8</attwidth><atprecis Sync="TRUE">0</atprecis><attscale Sync="TRUE">0</attscale></attr><attr><attrlabl Sync="TRUE">PERIMETER</attrlabl><attalias Sync="TRUE">PERIMETER</attalias><attrtype Sync="TRUE">Double</attrtype><attwidth Sync="TRUE">8</attwidth><atprecis Sync="TRUE">0</atprecis><attscale Sync="TRUE">0</attscale></attr><attr><attrlabl Sync="TRUE">HECTARES</attrlabl><attalias Sync="TRUE">HECTARES</attalias><attrtype Sync="TRUE">Double</attrtype><attwidth Sync="TRUE">8</attwidth><atprecis Sync="TRUE">0</atprecis><attscale Sync="TRUE">0</attscale></attr><attr><attrlabl Sync="TRUE">ID_C</attrlabl><attalias Sync="TRUE">ID_C</attalias><attrtype Sync="TRUE">Integer</attrtype><attwidth Sync="TRUE">4</attwidth><atprecis Sync="TRUE">0</atprecis><attscale Sync="TRUE">0</attscale></attr></detailed></eainfo><mdDateSt Sync="TRUE">20080722</mdDateSt><dataqual><lineage><procstep><procdesc Sync="TRUE">Dataset copied.</procdesc><srcused Sync="TRUE">\\PC\D\CI\SIG\GEODATA\03_BOLIVIA\BOL1004_POBLACION\Poblados.gdb</srcused><date Sync="TRUE">20080613</date><time Sync="TRUE">10312100</time></procstep><procstep><procdesc Sync="TRUE">Dataset copied.</procdesc><srcused Sync="TRUE">\\PEROTTOS-CASA\G\SRVUDAPRO\Inf_Vectorial\CI-Bolivia\03_BOLIVIA\BOL1001_BASE\Base.gdb</srcused><date Sync="TRUE">20090328</date><time Sync="TRUE">11191300</time></procstep></lineage></dataqual></metadata>
