<?xml version="1.0"?>
<!--<!DOCTYPE metadata SYSTEM "http://www.esri.com/metadata/esriprof80.dtd">-->
<metadata xml:lang="es"><Esri><CreaDate>20090317</CreaDate><CreaTime>21165600</CreaTime><SyncOnce>FALSE</SyncOnce><DataProperties><lineage><Process Name="Project_4" ToolSource="C:\Archivos de programa\ArcGIS\ArcToolbox\Toolboxes\Data Management Tools.tbx\Project" Date="20080208" Time="163649">Project loc_bol D:\01_GEOBASES_TCO\temp\loc_ine.shp GEOGCS['GCS_WGS_1984',DATUM['D_WGS_1984',SPHEROID['WGS_1984',6378137.0,298.2572235630016]],PRIMEM['Greenwich',0.0],UNIT['Degree',0.0174532925199433]] PSAD_1956_To_WGS_1984_1 PROJCS['PSAD_1956_UTM_Zone_19S',GEOGCS['GCS_Provisional_S_American_1956',DATUM['D_Provisional_S_American_1956',SPHEROID['International_1924',6378388.0,297.0]],PRIMEM['Greenwich',0.0],UNIT['Degree',0.0174532925199433]],PROJECTION['Transverse_Mercator'],PARAMETER['False_Easting',500000.0],PARAMETER['False_Northing',10000000.0],PARAMETER['Central_Meridian',-69.0],PARAMETER['Scale_Factor',0.9996],PARAMETER['Latitude_Of_Origin',0.0],UNIT['Meter',1.0]]</Process><Process Name="FeatureClassToFeatureClass_2" ToolSource="C:\Archivos de programa\ArcGIS\ArcToolbox\Toolboxes\Conversion Tools.tbx\FeatureClassToFeatureClass" Date="20080208" Time="164158">FeatureClassToFeatureClass D:\01_GEOBASES_TCO\temp\loc_ine.shp D:\01_GEOBASES_TCO\geo_base.mdb\Poblaciones loc_ine # "XXX XXX true false false 15 Double 0 15 ,First,#,D:\01_GEOBASES_TCO\temp\loc_ine.shp,XXX,-1,-1;LOCALIDAD LOCALIDAD true false false 60 Text 0 0 ,First,#,D:\01_GEOBASES_TCO\temp\loc_ine.shp,LOCALIDAD,-1,-1;COMUNIDAD COMUNIDAD true false false 60 Text 0 0 ,First,#,D:\01_GEOBASES_TCO\temp\loc_ine.shp,COMUNIDAD,-1,-1;COD_CENSO COD_CENSO true false false 20 Text 0 0 ,First,#,D:\01_GEOBASES_TCO\temp\loc_ine.shp,COD_CENSO,-1,-1;MUNI_PRECE MUNI_PRECE true false false 6 Text 0 0 ,First,#,D:\01_GEOBASES_TCO\temp\loc_ine.shp,MUNI_PRECE,-1,-1;MUNI_POSTC MUNI_POSTC true false false 6 Text 0 0 ,First,#,D:\01_GEOBASES_TCO\temp\loc_ine.shp,MUNI_POSTC,-1,-1;POB2001 POB2001 true false false 16 Double 0 16 ,First,#,D:\01_GEOBASES_TCO\temp\loc_ine.shp,POB2001,-1,-1;VIVIENDA VIVIENDA true false false 16 Double 0 16 ,First,#,D:\01_GEOBASES_TCO\temp\loc_ine.shp,VIVIENDA,-1,-1;OBS2 OBS2 true false false 150 Text 0 0 ,First,#,D:\01_GEOBASES_TCO\temp\loc_ine.shp,OBS2,-1,-1;COD_BD_CEN COD_BD_CEN true false false 16 Text 0 0 ,First,#,D:\01_GEOBASES_TCO\temp\loc_ine.shp,COD_BD_CEN,-1,-1;DEPTO DEPTO true false false 11 Text 0 0 ,First,#,D:\01_GEOBASES_TCO\temp\loc_ine.shp,DEPTO,-1,-1;PROVIN PROVIN true false false 11 Text 0 0 ,First,#,D:\01_GEOBASES_TCO\temp\loc_ine.shp,PROVIN,-1,-1;SECCION SECCION true false false 11 Text 0 0 ,First,#,D:\01_GEOBASES_TCO\temp\loc_ine.shp,SECCION,-1,-1;CANTON CANTON true false false 11 Text 0 0 ,First,#,D:\01_GEOBASES_TCO\temp\loc_ine.shp,CANTON,-1,-1;CIUORG CIUORG true false false 11 Text 0 0 ,First,#,D:\01_GEOBASES_TCO\temp\loc_ine.shp,CIUORG,-1,-1;ZONLOC ZONLOC true false false 7 Text 0 0 ,First,#,D:\01_GEOBASES_TCO\temp\loc_ine.shp,ZONLOC,-1,-1;N_DEPTO N_DEPTO true false false 12 Text 0 0 ,First,#,D:\01_GEOBASES_TCO\temp\loc_ine.shp,N_DEPTO,-1,-1;N_PROVIN N_PROVIN true false false 28 Text 0 0 ,First,#,D:\01_GEOBASES_TCO\temp\loc_ine.shp,N_PROVIN,-1,-1;N_SECCION N_SECCION true false false 77 Text 0 0 ,First,#,D:\01_GEOBASES_TCO\temp\loc_ine.shp,N_SECCION,-1,-1;N_CANTON N_CANTON true false false 80 Text 0 0 ,First,#,D:\01_GEOBASES_TCO\temp\loc_ine.shp,N_CANTON,-1,-1;N_CIUORG N_CIUORG true false false 95 Text 0 0 ,First,#,D:\01_GEOBASES_TCO\temp\loc_ine.shp,N_CIUORG,-1,-1;N_ZONLOC N_ZONLOC true false false 89 Text 0 0 ,First,#,D:\01_GEOBASES_TCO\temp\loc_ine.shp,N_ZONLOC,-1,-1;CAT_LOC CAT_LOC true false false 15 Text 0 0 ,First,#,D:\01_GEOBASES_TCO\temp\loc_ine.shp,CAT_LOC,-1,-1;POBLCACION POBLCACION true false false 11 Double 0 11 ,First,#,D:\01_GEOBASES_TCO\temp\loc_ine.shp,POBLCACION,-1,-1;CP CP true false false 5 Text 0 0 ,First,#,D:\01_GEOBASES_TCO\temp\loc_ine.shp,CP,-1,-1;OBSERVACIO OBSERVACIO true false false 194 Text 0 0 ,First,#,D:\01_GEOBASES_TCO\temp\loc_ine.shp,OBSERVACIO,-1,-1;DESCRIPCIO DESCRIPCIO true false false 58 Text 0 0 ,First,#,D:\01_GEOBASES_TCO\temp\loc_ine.shp,DESCRIPCIO,-1,-1" # D:\01_GEOBASES_TCO\geo_base.mdb\Poblaciones\loc_ine</Process><Process ToolSource="C:\Archivos de programa\ArcGIS\ArcToolbox\Toolboxes\Conversion Tools.tbx\FeatureClassToFeatureClass" Date="20090112" Time="155454">FeatureClassToFeatureClass "E:\UDAPRO\Info Original\Localidades_Bolivia\Geo_base.mdb\Poblaciones\loc_ine" "E:\UDAPRO\SIG BOLIVIA.gdb\Poblaciones" Localidades # "LOCALIDAD 'LOCALIDAD' true true false 60 Text 0 0 ,First,#,E:\UDAPRO\Info Original\Localidades_Bolivia\Geo_base.mdb\Poblaciones\loc_ine,LOCALIDAD,-1,-1;COMUNIDAD 'COMUNIDAD' true true false 60 Text 0 0 ,First,#,E:\UDAPRO\Info Original\Localidades_Bolivia\Geo_base.mdb\Poblaciones\loc_ine,COMUNIDAD,-1,-1;POB2001 'POB2001' true true false 8 Double 0 0 ,First,#,E:\UDAPRO\Info Original\Localidades_Bolivia\Geo_base.mdb\Poblaciones\loc_ine,POB2001,-1,-1;VIVIENDA 'VIVIENDA' true true false 8 Double 0 0 ,First,#,E:\UDAPRO\Info Original\Localidades_Bolivia\Geo_base.mdb\Poblaciones\loc_ine,VIVIENDA,-1,-1;OBS2 'OBS2' true true false 150 Text 0 0 ,First,#,E:\UDAPRO\Info Original\Localidades_Bolivia\Geo_base.mdb\Poblaciones\loc_ine,OBS2,-1,-1;COD_BD_CEN 'COD_BD_CEN' true true false 16 Text 0 0 ,First,#,E:\UDAPRO\Info Original\Localidades_Bolivia\Geo_base.mdb\Poblaciones\loc_ine,COD_BD_CEN,-1,-1;DEPTO 'DEPTO' true true false 11 Text 0 0 ,First,#,E:\UDAPRO\Info Original\Localidades_Bolivia\Geo_base.mdb\Poblaciones\loc_ine,DEPTO,-1,-1;PROVIN 'PROVIN' true true false 11 Text 0 0 ,First,#,E:\UDAPRO\Info Original\Localidades_Bolivia\Geo_base.mdb\Poblaciones\loc_ine,PROVIN,-1,-1;SECCION 'SECCION' true true false 11 Text 0 0 ,First,#,E:\UDAPRO\Info Original\Localidades_Bolivia\Geo_base.mdb\Poblaciones\loc_ine,SECCION,-1,-1;CANTON 'CANTON' true true false 11 Text 0 0 ,First,#,E:\UDAPRO\Info Original\Localidades_Bolivia\Geo_base.mdb\Poblaciones\loc_ine,CANTON,-1,-1;CIUORG 'CIUORG' true true false 11 Text 0 0 ,First,#,E:\UDAPRO\Info Original\Localidades_Bolivia\Geo_base.mdb\Poblaciones\loc_ine,CIUORG,-1,-1;ZONLOC 'ZONLOC' true true false 7 Text 0 0 ,First,#,E:\UDAPRO\Info Original\Localidades_Bolivia\Geo_base.mdb\Poblaciones\loc_ine,ZONLOC,-1,-1;N_DEPTO 'N_DEPTO' true true false 12 Text 0 0 ,First,#,E:\UDAPRO\Info Original\Localidades_Bolivia\Geo_base.mdb\Poblaciones\loc_ine,N_DEPTO,-1,-1;N_PROVIN 'N_PROVIN' true true false 28 Text 0 0 ,First,#,E:\UDAPRO\Info Original\Localidades_Bolivia\Geo_base.mdb\Poblaciones\loc_ine,N_PROVIN,-1,-1;N_SECCION 'N_SECCION' true true false 77 Text 0 0 ,First,#,E:\UDAPRO\Info Original\Localidades_Bolivia\Geo_base.mdb\Poblaciones\loc_ine,N_SECCION,-1,-1;N_CANTON 'N_CANTON' true true false 80 Text 0 0 ,First,#,E:\UDAPRO\Info Original\Localidades_Bolivia\Geo_base.mdb\Poblaciones\loc_ine,N_CANTON,-1,-1;N_CIUORG 'N_CIUORG' true true false 95 Text 0 0 ,First,#,E:\UDAPRO\Info Original\Localidades_Bolivia\Geo_base.mdb\Poblaciones\loc_ine,N_CIUORG,-1,-1;N_ZONLOC 'N_ZONLOC' true true false 89 Text 0 0 ,First,#,E:\UDAPRO\Info Original\Localidades_Bolivia\Geo_base.mdb\Poblaciones\loc_ine,N_ZONLOC,-1,-1;CAT_LOC 'CAT_LOC' true true false 15 Text 0 0 ,First,#,E:\UDAPRO\Info Original\Localidades_Bolivia\Geo_base.mdb\Poblaciones\loc_ine,CAT_LOC,-1,-1;POBLCACION 'POBLCACION' true true false 8 Double 0 0 ,First,#,E:\UDAPRO\Info Original\Localidades_Bolivia\Geo_base.mdb\Poblaciones\loc_ine,POBLCACION,-1,-1;CP 'CP' true true false 5 Text 0 0 ,First,#,E:\UDAPRO\Info Original\Localidades_Bolivia\Geo_base.mdb\Poblaciones\loc_ine,CP,-1,-1;OBSERVACIO 'OBSERVACIO' true true false 194 Text 0 0 ,First,#,E:\UDAPRO\Info Original\Localidades_Bolivia\Geo_base.mdb\Poblaciones\loc_ine,OBSERVACIO,-1,-1;DESCRIPCIO 'DESCRIPCIO' true true false 58 Text 0 0 ,First,#,E:\UDAPRO\Info Original\Localidades_Bolivia\Geo_base.mdb\Poblaciones\loc_ine,DESCRIPCIO,-1,-1" # "E:\UDAPRO\SIG BOLIVIA.gdb\Poblaciones\Localidades"</Process></lineage></DataProperties><SyncDate>20090112</SyncDate><SyncTime>15544300</SyncTime><ModDate>20090112</ModDate><ModTime>15544300</ModTime><MetaID>{7D10D523-89DF-4153-B691-32E84CD186B7}</MetaID></Esri><idinfo><native Sync="TRUE">Microsoft Windows XP Version 5.1 (Build 2600) Service Pack 2; ESRI ArcCatalog 9.3.0.1770</native><descript><langdata Sync="TRUE">es</langdata><abstract>Información del Censo 2001 de población y vivienda</abstract><purpose>La misma fue proyectada al sistema wgs 84 su uso es referencial, aunque en su mayoría la ubicación espacial de los mismos fueron tomados con GPS navegadores</purpose></descript><citation><citeinfo><origin>REQUIRED: The name of an organization or individual that developed the data set.</origin><pubdate>REQUIRED: The date when the data set is published or otherwise made available for release.</pubdate><title Sync="TRUE">Localidades</title><ftname Sync="TRUE">Localidades</ftname><geoform Sync="TRUE">vector digital data</geoform><onlink Sync="TRUE"></onlink></citeinfo></citation><timeperd><current>publication date</current><timeinfo><sngdate><caldate>12/12/2001</caldate></sngdate></timeinfo></timeperd><status><progress>Planned</progress><update>Annually</update></status><spdom><bounding><westbc Sync="TRUE">-69.623521</westbc><eastbc Sync="TRUE">-57.568792</eastbc><northbc Sync="TRUE">-9.704484</northbc><southbc Sync="TRUE">-22.852493</southbc></bounding><lboundng><leftbc Sync="TRUE">-69.623521</leftbc><rightbc Sync="TRUE">-57.568792</rightbc><bottombc Sync="TRUE">-22.852493</bottombc><topbc Sync="TRUE">-9.704484</topbc></lboundng></spdom><keywords><theme><themekt>REQUIRED: Reference to a formally registered thesaurus or a similar authoritative source of theme keywords.</themekt><themekey>REQUIRED: Common-use word or phrase used to describe the subject of the data set.</themekey></theme></keywords><accconst>Acceso restringido</accconst><useconst>Uso restringido</useconst><natvform Sync="TRUE">File Geodatabase Feature Class</natvform></idinfo><dataIdInfo><envirDesc Sync="TRUE">Microsoft Windows XP Version 5.1 (Build 2600) Service Pack 2; ESRI ArcCatalog 9.3.0.1770</envirDesc><dataLang><languageCode Sync="TRUE" value="es"></languageCode></dataLang><idCitation><resTitle Sync="TRUE">Localidades</resTitle><presForm><PresFormCd Sync="TRUE" value="005"></PresFormCd></presForm></idCitation><spatRpType><SpatRepTypCd Sync="TRUE" value="001"></SpatRepTypCd></spatRpType><dataExt><geoEle><GeoBndBox esriExtentType="native"><westBL Sync="TRUE">-69.623521</westBL><eastBL Sync="TRUE">-57.568792</eastBL><northBL Sync="TRUE">-9.704484</northBL><southBL Sync="TRUE">-22.852493</southBL><exTypeCode Sync="TRUE">1</exTypeCode></GeoBndBox></geoEle></dataExt><geoBox esriExtentType="decdegrees"><westBL Sync="TRUE">-69.623521</westBL><eastBL Sync="TRUE">-57.568792</eastBL><northBL Sync="TRUE">-9.704484</northBL><southBL Sync="TRUE">-22.852493</southBL><exTypeCode Sync="TRUE">1</exTypeCode></geoBox></dataIdInfo><metainfo><langmeta Sync="TRUE">es</langmeta><metstdn Sync="TRUE">FGDC Content Standards for Digital Geospatial Metadata</metstdn><metstdv Sync="TRUE">FGDC-STD-001-1998</metstdv><mettc Sync="TRUE">local time</mettc><metc><cntinfo><cntorgp><cntper>REQUIRED: The person responsible for the metadata information.</cntper><cntorg>REQUIRED: The organization responsible for the metadata information.</cntorg></cntorgp><cntaddr><addrtype>REQUIRED: The mailing and/or physical address for the organization or individual.</addrtype><city>REQUIRED: The city of the address.</city><state>REQUIRED: The state or province of the address.</state><postal>REQUIRED: The ZIP or other postal code of the address.</postal></cntaddr><cntvoice>REQUIRED: The telephone number by which individuals can speak to the organization or individual.</cntvoice></cntinfo></metc><metd Sync="TRUE">20090112</metd><metextns><onlink Sync="TRUE">http://www.esri.com/metadata/esriprof80.html</onlink><metprof Sync="TRUE">ESRI Metadata Profile</metprof></metextns></metainfo><mdLang><languageCode Sync="TRUE" value="es"></languageCode></mdLang><mdStanName Sync="TRUE">ISO 19115 Geographic Information - Metadata</mdStanName><mdStanVer Sync="TRUE">DIS_ESRI1.0</mdStanVer><mdChar><CharSetCd Sync="TRUE" value="004"></CharSetCd></mdChar><mdHrLv><ScopeCd Sync="TRUE" value="005"></ScopeCd></mdHrLv><mdHrLvName Sync="TRUE">dataset</mdHrLvName><distinfo><resdesc Sync="TRUE">Downloadable Data</resdesc></distinfo><distInfo><distributor><distorTran><onLineSrc><orDesc Sync="TRUE">002</orDesc><linkage Sync="TRUE">file://</linkage><protocol Sync="TRUE">Local Area Network</protocol></onLineSrc></distorTran><distorFormat><formatName Sync="TRUE">File Geodatabase Feature Class</formatName></distorFormat></distributor></distInfo><spdoinfo><direct Sync="TRUE">Vector</direct><ptvctinf><esriterm Name="Localidades"><efeatyp Sync="TRUE">Simple</efeatyp><efeageom Sync="TRUE">Point</efeageom><esritopo Sync="TRUE">FALSE</esritopo><efeacnt Sync="TRUE">0</efeacnt><spindex Sync="TRUE">TRUE</spindex><linrefer Sync="TRUE">FALSE</linrefer></esriterm><sdtsterm Name="Localidades"><sdtstype Sync="TRUE">Entity point</sdtstype><ptvctcnt Sync="TRUE">0</ptvctcnt></sdtsterm></ptvctinf></spdoinfo><spref><horizsys><cordsysn><geogcsn Sync="TRUE">GCS_WGS_1984</geogcsn></cordsysn><geograph><geogunit Sync="TRUE">Decimal degrees</geogunit><latres Sync="TRUE">0.000000</latres><longres Sync="TRUE">0.000000</longres></geograph><geodetic><horizdn Sync="TRUE">D_WGS_1984</horizdn><ellips Sync="TRUE">WGS_1984</ellips><semiaxis Sync="TRUE">6378137.000000</semiaxis><denflat Sync="TRUE">298.257224</denflat></geodetic></horizsys><vertdef><altsys><altenc Sync="TRUE">Explicit elevation coordinate included with horizontal coordinates</altenc><altres Sync="TRUE">0.000100</altres></altsys></vertdef></spref><refSysInfo><RefSystem><refSysID><identCode Sync="TRUE">GCS_WGS_1984</identCode></refSysID></RefSystem></refSysInfo><spatRepInfo><VectSpatRep><topLvl><TopoLevCd Sync="TRUE" value="001"></TopoLevCd></topLvl><geometObjs Name="Localidades"><geoObjTyp><GeoObjTypCd Sync="TRUE" value="004"></GeoObjTypCd></geoObjTyp><geoObjCnt Sync="TRUE">0</geoObjCnt></geometObjs></VectSpatRep></spatRepInfo><eainfo><detailed Name="Localidades"><enttyp><enttypl Sync="TRUE">Localidades</enttypl><enttypt Sync="TRUE">Feature Class</enttypt><enttypc Sync="TRUE">0</enttypc></enttyp><attr><attrlabl Sync="TRUE">OBJECTID</attrlabl><attalias Sync="TRUE">OBJECTID</attalias><attrtype Sync="TRUE">OID</attrtype><attwidth Sync="TRUE">4</attwidth><atprecis Sync="TRUE">0</atprecis><attscale Sync="TRUE">0</attscale><attrdef Sync="TRUE">Internal feature number.</attrdef><attrdefs Sync="TRUE">ESRI</attrdefs><attrdomv><udom Sync="TRUE">Sequential unique whole numbers that are automatically generated.</udom></attrdomv></attr><attr><attrlabl Sync="TRUE">Shape</attrlabl><attalias Sync="TRUE">Shape</attalias><attrtype Sync="TRUE">Geometry</attrtype><attwidth Sync="TRUE">0</attwidth><atprecis Sync="TRUE">0</atprecis><attscale Sync="TRUE">0</attscale><attrdef Sync="TRUE">Feature geometry.</attrdef><attrdefs Sync="TRUE">ESRI</attrdefs><attrdomv><udom Sync="TRUE">Coordinates defining the features.</udom></attrdomv></attr><attr><attrlabl Sync="TRUE">LOCALIDAD</attrlabl><attalias Sync="TRUE">LOCALIDAD</attalias><attrtype Sync="TRUE">String</attrtype><attwidth Sync="TRUE">60</attwidth><atprecis Sync="TRUE">0</atprecis><attscale Sync="TRUE">0</attscale></attr><attr><attrlabl Sync="TRUE">COMUNIDAD</attrlabl><attalias Sync="TRUE">COMUNIDAD</attalias><attrtype Sync="TRUE">String</attrtype><attwidth Sync="TRUE">60</attwidth><atprecis Sync="TRUE">0</atprecis><attscale Sync="TRUE">0</attscale></attr><attr><attrlabl Sync="TRUE">POB2001</attrlabl><attalias Sync="TRUE">POB2001</attalias><attrtype Sync="TRUE">Double</attrtype><attwidth Sync="TRUE">8</attwidth><atprecis Sync="TRUE">0</atprecis><attscale Sync="TRUE">0</attscale></attr><attr><attrlabl Sync="TRUE">VIVIENDA</attrlabl><attalias Sync="TRUE">VIVIENDA</attalias><attrtype Sync="TRUE">Double</attrtype><attwidth Sync="TRUE">8</attwidth><atprecis Sync="TRUE">0</atprecis><attscale Sync="TRUE">0</attscale></attr><attr><attrlabl Sync="TRUE">OBS2</attrlabl><attalias Sync="TRUE">OBS2</attalias><attrtype Sync="TRUE">String</attrtype><attwidth Sync="TRUE">150</attwidth><atprecis Sync="TRUE">0</atprecis><attscale Sync="TRUE">0</attscale></attr><attr><attrlabl Sync="TRUE">COD_BD_CEN</attrlabl><attalias Sync="TRUE">COD_BD_CEN</attalias><attrtype Sync="TRUE">String</attrtype><attwidth Sync="TRUE">16</attwidth><atprecis Sync="TRUE">0</atprecis><attscale Sync="TRUE">0</attscale></attr><attr><attrlabl Sync="TRUE">DEPTO</attrlabl><attalias Sync="TRUE">DEPTO</attalias><attrtype Sync="TRUE">String</attrtype><attwidth Sync="TRUE">11</attwidth><atprecis Sync="TRUE">0</atprecis><attscale Sync="TRUE">0</attscale></attr><attr><attrlabl Sync="TRUE">PROVIN</attrlabl><attalias Sync="TRUE">PROVIN</attalias><attrtype Sync="TRUE">String</attrtype><attwidth Sync="TRUE">11</attwidth><atprecis Sync="TRUE">0</atprecis><attscale Sync="TRUE">0</attscale></attr><attr><attrlabl Sync="TRUE">SECCION</attrlabl><attalias Sync="TRUE">SECCION</attalias><attrtype Sync="TRUE">String</attrtype><attwidth Sync="TRUE">11</attwidth><atprecis Sync="TRUE">0</atprecis><attscale Sync="TRUE">0</attscale></attr><attr><attrlabl Sync="TRUE">CANTON</attrlabl><attalias Sync="TRUE">CANTON</attalias><attrtype Sync="TRUE">String</attrtype><attwidth Sync="TRUE">11</attwidth><atprecis Sync="TRUE">0</atprecis><attscale Sync="TRUE">0</attscale></attr><attr><attrlabl Sync="TRUE">CIUORG</attrlabl><attalias Sync="TRUE">CIUORG</attalias><attrtype Sync="TRUE">String</attrtype><attwidth Sync="TRUE">11</attwidth><atprecis Sync="TRUE">0</atprecis><attscale Sync="TRUE">0</attscale></attr><attr><attrlabl Sync="TRUE">ZONLOC</attrlabl><attalias Sync="TRUE">ZONLOC</attalias><attrtype Sync="TRUE">String</attrtype><attwidth Sync="TRUE">7</attwidth><atprecis Sync="TRUE">0</atprecis><attscale Sync="TRUE">0</attscale></attr><attr><attrlabl Sync="TRUE">N_DEPTO</attrlabl><attalias Sync="TRUE">N_DEPTO</attalias><attrtype Sync="TRUE">String</attrtype><attwidth Sync="TRUE">12</attwidth><atprecis Sync="TRUE">0</atprecis><attscale Sync="TRUE">0</attscale></attr><attr><attrlabl Sync="TRUE">N_PROVIN</attrlabl><attalias Sync="TRUE">N_PROVIN</attalias><attrtype Sync="TRUE">String</attrtype><attwidth Sync="TRUE">28</attwidth><atprecis Sync="TRUE">0</atprecis><attscale Sync="TRUE">0</attscale></attr><attr><attrlabl Sync="TRUE">N_SECCION</attrlabl><attalias Sync="TRUE">N_SECCION</attalias><attrtype Sync="TRUE">String</attrtype><attwidth Sync="TRUE">77</attwidth><atprecis Sync="TRUE">0</atprecis><attscale Sync="TRUE">0</attscale></attr><attr><attrlabl Sync="TRUE">N_CANTON</attrlabl><attalias Sync="TRUE">N_CANTON</attalias><attrtype Sync="TRUE">String</attrtype><attwidth Sync="TRUE">80</attwidth><atprecis Sync="TRUE">0</atprecis><attscale Sync="TRUE">0</attscale></attr><attr><attrlabl Sync="TRUE">N_CIUORG</attrlabl><attalias Sync="TRUE">N_CIUORG</attalias><attrtype Sync="TRUE">String</attrtype><attwidth Sync="TRUE">95</attwidth><atprecis Sync="TRUE">0</atprecis><attscale Sync="TRUE">0</attscale></attr><attr><attrlabl Sync="TRUE">N_ZONLOC</attrlabl><attalias Sync="TRUE">N_ZONLOC</attalias><attrtype Sync="TRUE">String</attrtype><attwidth Sync="TRUE">89</attwidth><atprecis Sync="TRUE">0</atprecis><attscale Sync="TRUE">0</attscale></attr><attr><attrlabl Sync="TRUE">CAT_LOC</attrlabl><attalias Sync="TRUE">CAT_LOC</attalias><attrtype Sync="TRUE">String</attrtype><attwidth Sync="TRUE">15</attwidth><atprecis Sync="TRUE">0</atprecis><attscale Sync="TRUE">0</attscale></attr><attr><attrlabl Sync="TRUE">POBLCACION</attrlabl><attalias Sync="TRUE">POBLCACION</attalias><attrtype Sync="TRUE">Double</attrtype><attwidth Sync="TRUE">8</attwidth><atprecis Sync="TRUE">0</atprecis><attscale Sync="TRUE">0</attscale></attr><attr><attrlabl Sync="TRUE">CP</attrlabl><attalias Sync="TRUE">CP</attalias><attrtype Sync="TRUE">String</attrtype><attwidth Sync="TRUE">5</attwidth><atprecis Sync="TRUE">0</atprecis><attscale Sync="TRUE">0</attscale></attr><attr><attrlabl Sync="TRUE">OBSERVACIO</attrlabl><attalias Sync="TRUE">OBSERVACIO</attalias><attrtype Sync="TRUE">String</attrtype><attwidth Sync="TRUE">194</attwidth><atprecis Sync="TRUE">0</atprecis><attscale Sync="TRUE">0</attscale></attr><attr><attrlabl Sync="TRUE">DESCRIPCIO</attrlabl><attalias Sync="TRUE">DESCRIPCIO</attalias><attrtype Sync="TRUE">String</attrtype><attwidth Sync="TRUE">58</attwidth><atprecis Sync="TRUE">0</atprecis><attscale Sync="TRUE">0</attscale></attr></detailed></eainfo><mdDateSt Sync="TRUE">20090112</mdDateSt><dataqual><lineage><procstep><procdesc Sync="TRUE">Dataset copied.</procdesc><srcused Sync="TRUE">\\SITAP-2\E\UDAPRO\SIG BOLIVIA.gdb</srcused><procdate Sync="TRUE">20090115</procdate><proctime Sync="TRUE">18404800</proctime></procstep><procstep><procdesc Sync="TRUE">Dataset copied.</procdesc><srcused Sync="TRUE">Server=srvudapro_sqlexpress; Service=sde:sqlserver:srvudapro\sqlexpress; Database=SIG_SITAP; Version=dbo.DEFAULT</srcused><procdate Sync="TRUE">20090303</procdate><proctime Sync="TRUE">19010200</proctime></procstep><procstep><procdesc Sync="TRUE">Dataset copied.</procdesc><srcused Sync="TRUE">\\PEROTTOS-CASA\F\SRVUDAPRO\GEODATABASE\SITAP.gdb</srcused><date Sync="TRUE">20090317</date><time Sync="TRUE">21165600</time></procstep></lineage></dataqual></metadata>
